﻿{"cameraMode":{"drawMode":0,"name":"Shaded","section":"Shading Mode"},"sceneLighting":true,"audioPlay":false,"sceneViewState":{"m_AlwaysRefresh":false,"showFog":true,"showSkybox":true,"showFlares":true,"showImageEffects":true,"showParticleSystems":true,"showVisualEffectGraphs":true,"m_FxEnabled":true},"in2DMode":false,"pivot":{"x":61.70787048339844,"y":37.3858642578125,"z":38.62240982055664},"rotation":{"x":0.07064954936504364,"y":-0.9292880296707153,"z":0.2505949139595032,"w":0.26199275255203249},"size":22.0,"orthographic":false}